ptlo,pthi,data_den,data_num,eff_data,eff_data_lo,eff_data_hi,mc_den,mc_num,eff_mc,eff_mc_lo,eff_mc_hi,sf,sf_lo,sf_hi
10,12,0,0,0.000000,0.000000,1.000000,871,617,0.708381,0.016215,0.015719,0.000000,0.000000,0.000000
12,14,2,2,1.000000,0.601691,0.000000,2103,1810,0.860675,0.007965,0.007612,1.161878,0.699167,0.010753
14,16,12,9,0.750000,0.184903,0.132709,4774,4467,0.935693,0.003749,0.003561,0.801545,0.197634,0.141866
16,18,98,89,0.908163,0.039120,0.029401,9637,9195,0.954135,0.002231,0.002135,0.951818,0.041056,0.030895
18,20,137,122,0.890511,0.033526,0.027076,17549,16778,0.956066,0.001602,0.001549,0.931433,0.035099,0.028363
20,22,131,116,0.885496,0.034932,0.028272,27390,26202,0.956627,0.001266,0.001232,0.925645,0.036535,0.029579
22,25,236,215,0.911017,0.022593,0.018722,59223,56432,0.952873,0.000887,0.000872,0.956074,0.023727,0.019668
25,27.5,220,210,0.954545,0.018765,0.013978,65316,62373,0.954942,0.000826,0.000812,0.999585,0.019668,0.014663
27.5,30,256,246,0.960938,0.016202,0.012031,78004,74899,0.960194,0.000712,0.000700,1.000774,0.016890,0.012552
30,32.5,248,237,0.955645,0.017253,0.013023,90698,87544,0.965225,0.000619,0.000609,0.990075,0.017886,0.013507
32.5,35,299,285,0.953177,0.015644,0.012205,102880,99831,0.970364,0.000538,0.000529,0.982289,0.016131,0.012590
35,37.5,285,280,0.982456,0.011694,0.007558,110893,107983,0.973758,0.000489,0.000480,1.008932,0.012020,0.007778
37.5,40,282,276,0.978723,0.012492,0.008408,108876,106352,0.976818,0.000465,0.000456,1.001951,0.012797,0.008621
40,45,378,371,0.981481,0.009832,0.006805,137094,134097,0.978139,0.000402,0.000395,1.003417,0.010060,0.006969
45,50,180,176,0.977778,0.017222,0.010606,58368,57284,0.981428,0.000576,0.000559,0.996281,0.017557,0.010822
50,60,143,141,0.986014,0.018149,0.009029,49074,48345,0.985145,0.000566,0.000546,1.000882,0.018431,0.009183
60,80,125,123,0.984000,0.020713,0.010328,30892,30543,0.988703,0.000634,0.000601,0.995244,0.020959,0.010465
80,120,91,89,0.978022,0.028253,0.014183,16305,16208,0.994051,0.000665,0.000602,0.983875,0.028429,0.014283
