kind,tag,bin,lo,hi,sf,sf_fit_err,sf_expected_err,n_fail,boundary,egm_pred,egm_err,pull_expected
Z,ztnp,ztnp,0,0,0.958809,0.0251346,0.0259,105.646,no,0.955907,0.00886667,0.106006
W,incl_leppt_mt40,0,0,0,1.24003,0.00381111,0.1347,6.22706e-11,r0,0.954244,0.00908824,2.11684
W,incl_leppt_mt40_sblo,0,0,0,1.24003,0.00325433,0.1272,5.25269e-07,r0,0.954244,0.00908824,2.24103
W,incl_leppt_mt40_sbhi,0,0,0,0.411785,0.00588374,0.129,6923,r10,0.954244,0.00908824,-4.19471
W,abseta_leppt_mt40,0,0,0.8,0.767047,0.0337849,0.1251,720.629,no,0.959896,0.0112579,-1.53535
W,abseta_leppt_mt40,1,0.8,1.4442,1.30914,0.0188605,0.1609,6.63421e-12,r0,0.951972,0.0110218,2.21463
W,abseta_leppt_mt40,2,1.566,2,0.758029,0.0464618,0.2092,423.843,no,0.941845,0.00483481,-0.878429
W,abseta_leppt_mt40,3,2,2.4,0.422862,0.0212737,0.2179,1108.67,r10,0.959817,0.00591612,-2.46332
W,abseta_leppt_mt40_sblo,0,0,0.8,0.701279,0.0310187,0.1239,907.968,no,0.959896,0.0112579,-2.07874
W,abseta_leppt_mt40_sblo,1,0.8,1.4442,1.30914,0.0176792,0.1623,1.234e-06,r0,0.951972,0.0110218,2.19561
W,abseta_leppt_mt40_sblo,2,1.566,2,0.79927,0.0469972,0.2097,369.221,no,0.941845,0.00483481,-0.679721
W,abseta_leppt_mt40_sblo,3,2,2.4,0.39506,0.0200477,0.2192,1230.81,r10,0.959817,0.00591612,-2.57551
W,abseta_leppt_mt40_sbhi,0,0,0.8,0.459963,0.00838727,0.1151,2075.65,r10,0.959896,0.0112579,-4.32283
W,abseta_leppt_mt40_sbhi,1,0.8,1.4442,0.357563,0.0100418,0.1538,2422.43,r10,0.951972,0.0110218,-3.85493
W,abseta_leppt_mt40_sbhi,2,1.566,2,0.467563,0.0128458,0.1798,1137.47,r10,0.941845,0.00483481,-2.63688
W,abseta_leppt_mt40_sbhi,3,2,2.4,0.391243,0.0130307,0.1734,1287.46,r10,0.959817,0.00591612,-3.27707
W,pt_leppt_mt40,0,25,35,1.31376,0.153661,0.2538,3.78481e-10,r0,0.949244,0.0124725,1.4345
W,pt_leppt_mt40,1,35,50,1.20645,0.105676,0.1761,5.61844e-11,r0,0.957899,0.00545263,1.41074
W,pt_leppt_mt40,2,50,-1,1.13288,0.0480938,0.6661,3.01162e-12,r0,0.955672,0.0130194,0.265988
W,pt_leppt_mt40_sblo,0,25,35,1.30767,1.70306,0.2559,5.60852,r0,0.949244,0.0124725,1.39899
W,pt_leppt_mt40_sblo,1,35,50,1.20645,0.0691776,0.1714,7.14074e-05,r0,0.957899,0.00545263,1.44939
W,pt_leppt_mt40_sblo,2,50,-1,1.13288,0.0410169,0.6323,2.32454e-07,r0,0.955672,0.0130194,0.2802
W,pt_leppt_mt40_sbhi,0,25,35,0.438753,0.0356254,0.2635,2338.56,no,0.949244,0.0124725,-1.93518
W,pt_leppt_mt40_sbhi,1,35,50,0.908037,0.116096,0.2231,522.323,r0,0.957899,0.00545263,-0.223429
W,pt_leppt_mt40_sbhi,2,50,-1,0.618104,0.0138127,0.3306,444.723,r10,0.955672,0.0130194,-1.02029
