charge,ybin,etaCM_center,etaCM_halfwidth,r,rErr,sigma_gen_fid_nb,sigma_meas_nb,sigma_meas_err_nb,sigma_meas_stat_nb,sigma_meas_syst_nb
Wp,0,-2.5466,0.2000,0.83062,0.06026,3.82664,3.17849,0.23061,-1.00000,-1.00000
Wp,1,-2.1466,0.2000,0.90939,0.06142,4.11735,3.74429,0.25290,-1.00000,-1.00000
Wp,2,-1.7466,0.2000,1.01200,0.06377,4.21387,4.26444,0.26873,-1.00000,-1.00000
Wp,3,-1.3466,0.2000,0.87011,0.05781,4.23970,3.68902,0.24509,-1.00000,-1.00000
Wp,4,-0.9466,0.2000,1.00925,0.06183,4.24116,4.28039,0.26224,-1.00000,-1.00000
Wp,5,-0.5466,0.2000,1.03539,0.06300,4.20225,4.35096,0.26472,-1.00000,-1.00000
Wp,6,-0.1466,0.2000,1.04195,0.06372,4.20548,4.38190,0.26798,-1.00000,-1.00000
Wp,7,0.2534,0.2000,1.21141,0.06759,4.16583,5.04653,0.28158,-1.00000,-1.00000
Wp,8,0.6534,0.2000,1.05022,0.06448,4.14770,4.35600,0.26746,-1.00000,-1.00000
Wp,9,1.0534,0.2000,1.05542,0.06684,4.17711,4.40860,0.27918,-1.00000,-1.00000
Wp,10,1.4534,0.2000,1.11649,0.06642,4.16389,4.64894,0.27655,-1.00000,-1.00000
Wp,11,1.8534,0.2000,0.98695,0.06571,4.10190,4.04836,0.26953,-1.00000,-1.00000
Wm,0,-2.5466,0.2000,0.72609,0.06246,3.36710,2.44483,0.21030,-1.00000,-1.00000
Wm,1,-2.1466,0.2000,0.89816,0.06452,3.48527,3.13033,0.22488,-1.00000,-1.00000
Wm,2,-1.7466,0.2000,1.06621,0.07129,3.54394,3.77859,0.25266,-1.00000,-1.00000
Wm,3,-1.3466,0.2000,0.96054,0.06458,3.62441,3.48139,0.23405,-1.00000,-1.00000
Wm,4,-0.9466,0.2000,0.91183,0.06137,3.59339,3.27654,0.22052,-1.00000,-1.00000
Wm,5,-0.5466,0.2000,1.00950,0.06478,3.58419,3.61824,0.23219,-1.00000,-1.00000
Wm,6,-0.1466,0.2000,1.08207,0.06757,3.49342,3.78013,0.23603,-1.00000,-1.00000
Wm,7,0.2534,0.2000,1.08034,0.06947,3.35669,3.62637,0.23318,-1.00000,-1.00000
Wm,8,0.6534,0.2000,1.19635,0.07570,3.20873,3.83876,0.24289,-1.00000,-1.00000
Wm,9,1.0534,0.2000,1.06016,0.07795,3.01980,3.20148,0.23540,-1.00000,-1.00000
Wm,10,1.4534,0.2000,1.09598,0.07980,2.80709,3.07651,0.22401,-1.00000,-1.00000
Wm,11,1.8534,0.2000,0.96813,0.08396,2.54278,2.46175,0.21349,-1.00000,-1.00000
Wp,incl,,,1.01195,0.01838,49.80288,50.39792,0.91555,-1.00000,-1.00000
Wm,incl,,,1.00222,0.02013,39.62681,39.71491,0.79782,-1.00000,-1.00000
W,incl,,,1.00764,0.01358,89.42970,90.11283,1.21475,-1.00000,-1.00000
