fit,charge,ybin,etaCM_center,etaCM_halfwidth,r,rErr,sigma_gen_fid_nb,sigma_meas_nb,sigma_meas_err_nb,sigma_meas_stat_nb,sigma_meas_syst_nb
simfit_mu,Wp,0,-2.5466,0.2000,1.07335,0.09186,3.82664,4.10733,0.35152,0.32849,0.12515
simfit_mu,Wp,1,-2.1466,0.2000,1.11372,0.09044,4.11735,4.58558,0.37239,0.34512,0.13988
simfit_mu,Wp,2,-1.7466,0.2000,1.15932,0.09102,4.21387,4.88522,0.38356,0.35348,0.14890
simfit_mu,Wp,3,-1.3466,0.2000,0.97692,0.08359,4.23970,4.14183,0.35441,0.33095,0.12681
simfit_mu,Wp,4,-0.9466,0.2000,1.21834,0.09258,4.24116,5.16718,0.39266,0.35977,0.15731
simfit_mu,Wp,5,-0.5466,0.2000,1.16391,0.09288,4.20225,4.89104,0.39031,0.36038,0.14990
simfit_mu,Wp,6,-0.1466,0.2000,1.12015,0.09017,4.20548,4.71076,0.37922,0.35098,0.14359
simfit_mu,Wp,7,0.2534,0.2000,1.38729,0.10206,4.16583,5.77921,0.42516,0.38635,0.17747
simfit_mu,Wp,8,0.6534,0.2000,1.20092,0.09311,4.14770,4.98106,0.38620,0.35571,0.15043
simfit_mu,Wp,9,1.0534,0.2000,1.20701,0.09374,4.17711,5.04181,0.39154,0.36024,0.15341
simfit_mu,Wp,10,1.4534,0.2000,1.45393,0.10543,4.16389,6.05400,0.43901,0.39815,0.18496
simfit_mu,Wp,11,1.8534,0.2000,1.29527,0.10033,4.10190,5.31307,0.41154,0.37809,0.16251
simfit_mu,Wm,0,-2.5466,0.2000,1.04520,0.09622,3.36710,3.51930,0.32397,0.30562,0.10747
simfit_mu,Wm,1,-2.1466,0.2000,1.11635,0.09715,3.48527,3.89078,0.33861,0.31723,0.11839
simfit_mu,Wm,2,-1.7466,0.2000,1.33595,0.10758,3.54394,4.73453,0.38124,0.35230,0.14572
simfit_mu,Wm,3,-1.3466,0.2000,1.21037,0.10084,3.62441,4.38688,0.36547,0.33967,0.13489
simfit_mu,Wm,4,-0.9466,0.2000,1.11733,0.09534,3.59339,4.01500,0.34260,0.31947,0.12375
simfit_mu,Wm,5,-0.5466,0.2000,1.10244,0.09576,3.58419,3.95136,0.34324,0.32101,0.12151
simfit_mu,Wm,6,-0.1466,0.2000,1.26064,0.10484,3.49342,4.40395,0.36626,0.34036,0.13527
simfit_mu,Wm,7,0.2534,0.2000,1.23923,0.10327,3.35669,4.15971,0.34666,0.32240,0.12741
simfit_mu,Wm,8,0.6534,0.2000,1.35383,0.11356,3.20873,4.34407,0.36437,0.33904,0.13349
simfit_mu,Wm,9,1.0534,0.2000,1.30385,0.11300,3.01980,3.93737,0.34125,0.31908,0.12100
simfit_mu,Wm,10,1.4534,0.2000,1.29049,0.11691,2.80709,3.62252,0.32819,0.30880,0.11114
simfit_mu,Wm,11,1.8534,0.2000,1.43643,0.13226,2.54278,3.65252,0.33632,0.31666,0.11328
simfit_mu,Wp,incl,,,1.19788,0.04465,49.80288,59.65810,2.22357,1.27934,1.81867
simfit_mu,Wm,incl,,,1.22690,0.04770,39.62681,48.61798,1.89018,1.15994,1.49242
simfit_mu,W,incl,,,1.21074,0.04164,89.42970,108.27608,3.72359,1.73307,3.29569
comb,Wp,0,-2.5466,0.2000,1.03094,0.07311,3.82664,3.94504,0.27977,0.24879,0.12797
comb,Wp,1,-2.1466,0.2000,1.20522,0.07796,4.11735,4.96232,0.32099,0.27858,0.15946
comb,Wp,2,-1.7466,0.2000,1.21013,0.07865,4.21387,5.09933,0.33142,0.29237,0.15607
comb,Wp,3,-1.3466,0.2000,1.02877,0.06745,4.23970,4.36168,0.28597,0.25272,0.13383
comb,Wp,4,-0.9466,0.2000,1.18640,0.07164,4.24116,5.03172,0.30384,0.26241,0.15316
comb,Wp,5,-0.5466,0.2000,1.20539,0.07334,4.20225,5.06535,0.30818,0.26679,0.15426
comb,Wp,6,-0.1466,0.2000,1.14631,0.07075,4.20548,4.82078,0.29756,0.25925,0.14605
comb,Wp,7,0.2534,0.2000,1.39396,0.08043,4.16583,5.80700,0.33504,0.28490,0.17630
comb,Wp,8,0.6534,0.2000,1.19093,0.07379,4.14770,4.93962,0.30608,0.26680,0.15001
comb,Wp,9,1.0534,0.2000,1.22244,0.07970,4.17711,5.10626,0.33290,0.29423,0.15572
comb,Wp,10,1.4534,0.2000,1.40018,0.08428,4.16389,5.83020,0.35095,0.29869,0.18426
comb,Wp,11,1.8534,0.2000,1.24799,0.08202,4.10190,5.11913,0.33644,0.29074,0.16931
comb,Wm,0,-2.5466,0.2000,1.00938,0.07745,3.36710,3.39869,0.26077,0.23512,0.11279
comb,Wm,1,-2.1466,0.2000,1.11620,0.07854,3.48527,3.89026,0.27373,0.24444,0.12319
comb,Wm,2,-1.7466,0.2000,1.20518,0.08437,3.54394,4.27109,0.29902,0.26897,0.13064
comb,Wm,3,-1.3466,0.2000,1.14090,0.07605,3.62441,4.13509,0.27563,0.24475,0.12678
comb,Wm,4,-0.9466,0.2000,1.03966,0.07042,3.59339,3.73590,0.25306,0.22582,0.11421
comb,Wm,5,-0.5466,0.2000,1.18060,0.07651,3.58419,4.23150,0.27423,0.24183,0.12931
comb,Wm,6,-0.1466,0.2000,1.26156,0.08066,3.49342,4.40716,0.28178,0.24758,0.13456
comb,Wm,7,0.2534,0.2000,1.25882,0.08139,3.35669,4.22547,0.27319,0.24086,0.12890
comb,Wm,8,0.6534,0.2000,1.38752,0.08952,3.20873,4.45217,0.28724,0.25298,0.13603
comb,Wm,9,1.0534,0.2000,1.33198,0.09567,3.01980,4.02232,0.28892,0.26113,0.12363
comb,Wm,10,1.4534,0.2000,1.34101,0.09606,2.80709,3.76433,0.26964,0.24098,0.12099
comb,Wm,11,1.8534,0.2000,1.41912,0.10783,2.54278,3.60851,0.27419,0.24581,0.12147
comb,Wp,incl,,,1.20652,0.04225,49.80288,60.08841,2.10419,0.99569,1.85371
comb,Wm,incl,,,1.21490,0.04374,39.62681,48.14248,1.73327,0.88582,1.48982
comb,W,incl,,,1.21023,0.03983,89.42970,108.23090,3.56241,1.33535,3.30267
simfit_ele,Wp,0,-2.5466,0.2000,0.98894,0.11289,3.82664,3.78434,0.43198,0.38716,0.19160
simfit_ele,Wp,1,-2.1466,0.2000,1.35837,0.12481,4.11735,5.59289,0.51390,0.45825,0.23260
simfit_ele,Wp,2,-1.7466,0.2000,1.32255,0.13050,4.21387,5.57305,0.54990,0.51765,0.18553
simfit_ele,Wp,3,-1.3466,0.2000,1.10184,0.09889,4.23970,4.67147,0.41927,0.38991,0.15412
simfit_ele,Wp,4,-0.9466,0.2000,1.15558,0.09814,4.24116,4.90100,0.41623,0.38561,0.15671
simfit_ele,Wp,5,-0.5466,0.2000,1.25880,0.10251,4.20225,5.28979,0.43076,0.39717,0.16677
simfit_ele,Wp,6,-0.1466,0.2000,1.18209,0.09866,4.20548,4.97125,0.41493,0.38549,0.15350
simfit_ele,Wp,7,0.2534,0.2000,1.41005,0.11083,4.16583,5.87403,0.46169,0.42358,0.18367
simfit_ele,Wp,8,0.6534,0.2000,1.18774,0.10530,4.14770,4.92639,0.43677,0.40521,0.16299
simfit_ele,Wp,9,1.0534,0.2000,1.26553,0.12970,4.17711,5.28625,0.54175,0.51135,0.17893
simfit_ele,Wp,10,1.4534,0.2000,1.34452,0.12427,4.16389,5.59843,0.51743,0.45732,0.24207
simfit_ele,Wp,11,1.8534,0.2000,1.19921,0.13142,4.10190,4.91904,0.53909,0.46315,0.27589
simfit_ele,Wm,0,-2.5466,0.2000,0.96463,0.12286,3.36710,3.24800,0.41368,0.37389,0.17703
simfit_ele,Wm,1,-2.1466,0.2000,1.12492,0.11984,3.48527,3.92065,0.41769,0.38504,0.16191
simfit_ele,Wm,2,-1.7466,0.2000,0.98449,0.12020,3.54394,3.48898,0.42600,0.41057,0.11362
simfit_ele,Wm,3,-1.3466,0.2000,1.06329,0.10383,3.62441,3.85380,0.37632,0.35450,0.12629
simfit_ele,Wm,4,-0.9466,0.2000,0.95594,0.09370,3.59339,3.43507,0.33671,0.31929,0.10689
simfit_ele,Wm,5,-0.5466,0.2000,1.27549,0.10965,3.58419,4.57160,0.39301,0.36641,0.14212
simfit_ele,Wm,6,-0.1466,0.2000,1.26867,0.11104,3.49342,4.43200,0.38792,0.36238,0.13843
simfit_ele,Wm,7,0.2534,0.2000,1.29002,0.11568,3.35669,4.33020,0.38831,0.36358,0.13637
simfit_ele,Wm,8,0.6534,0.2000,1.43531,0.12719,3.20873,4.60552,0.40812,0.38080,0.14680
simfit_ele,Wm,9,1.0534,0.2000,1.40061,0.15800,3.01980,4.22957,0.47712,0.45549,0.14204
simfit_ele,Wm,10,1.4534,0.2000,1.42198,0.14842,2.80709,3.99162,0.41663,0.38232,0.16556
simfit_ele,Wm,11,1.8534,0.2000,1.40825,0.17188,2.54278,3.58087,0.43704,0.39317,0.19085
simfit_ele,Wp,incl,,,1.23262,0.05480,49.80288,61.38794,2.72900,1.61171,2.20224
simfit_ele,Wm,incl,,,1.20342,0.05498,39.62681,47.68786,2.17863,1.39164,1.67624
simfit_ele,W,incl,,,1.21968,0.04670,89.42970,109.07580,4.17635,2.12989,3.59242
