charge,ybin,etaCM_center,ratio_e_over_mu,err_stat,err_total
Wp,0,-2.5466,0.92136,0.11965,0.13145
Wp,1,-2.1466,1.21967,0.13569,0.14957
Wp,2,-1.7466,1.14080,0.13432,0.14385
Wp,3,-1.3466,1.12787,0.13032,0.13986
Wp,4,-0.9466,0.94849,0.09965,0.10809
Wp,5,-0.5466,1.08153,0.11377,0.12331
Wp,6,-0.1466,1.05530,0.11348,0.12237
Wp,7,0.2534,1.01641,0.09994,0.10942
Wp,8,0.6534,0.98903,0.10773,0.11649
Wp,9,1.0534,1.04848,0.12609,0.13482
Wp,10,1.4534,0.92475,0.09698,0.10864
Wp,11,1.8534,0.92584,0.10927,0.12425
Wm,0,-2.5466,0.92291,0.13308,0.14504
Wm,1,-2.1466,1.00768,0.12862,0.13862
Wm,2,-1.7466,0.73692,0.10260,0.10778
Wm,3,-1.3466,0.87848,0.10563,0.11276
Wm,4,-0.9466,0.85556,0.10468,0.11119
Wm,5,-0.5466,1.15697,0.13204,0.14140
Wm,6,-0.1466,1.00637,0.11323,0.12151
Wm,7,0.2534,1.04099,0.11895,0.12744
Wm,8,0.6534,1.06018,0.12054,0.12936
Wm,9,1.0534,1.07421,0.14478,0.15281
Wm,10,1.4534,1.10189,0.14129,0.15229
Wm,11,1.8534,0.98038,0.13716,0.14989
W,0,-2.5466,0.92208,0.08905,0.10129
W,1,-2.1466,1.12236,0.09405,0.10801
W,2,-1.7466,0.94202,0.08431,0.09394
W,3,-1.3466,0.99960,0.08312,0.09398
W,4,-0.9466,0.90785,0.07236,0.08243
W,5,-0.5466,1.11524,0.08626,0.09887
W,6,-0.1466,1.03166,0.08020,0.09174
W,7,0.2534,1.02669,0.07653,0.08850
W,8,0.6534,1.02217,0.08036,0.09186
W,9,1.0534,1.05976,0.09511,0.10596
W,10,1.4534,0.99106,0.08038,0.09333
W,11,1.8534,0.94806,0.08553,0.09968
Wp,incl,,1.02900,0.03488,0.05969
Wm,incl,,0.98087,0.03697,0.05884
W,incl,,1.00739,0.02543,0.05185
