# EGM electron ID SF, working point wp90iso, year 2025Prompt -- flattened by skim/sf/extract_electron_sf.py
# source: skim/sf/EGM/electron.json.gz (64221 bytes, md5 ede29ef89fa15ac54c6f25f4edb0c0d6); correction 'Electron-ID-SF' version 3
# extracted 2026-09-24; eta = SUPERCLUSTER eta (signed), pt = electron pT; edges inclusive-low
# sfup/sfdown = sf +- sqrt(err_stat^2 + err_syst^2) (verified per cell: max deviation 1.11e-16),
#   although the file's description says 'sf +- syst'; max |effData/effMC - sf| = 8.22e-08 for pT < 300
#   (above 300 GeV sf is one merged value per eta row, NOT effData/effMC of the cell)
# crack cells (1.444 < |eta| < 1.566) hold EGM placeholders (sf = 1)
wp,eta_lo,eta_hi,pt_lo,pt_hi,sf,sfup,sfdown,effData,effMC,err_stat,err_syst
wp90iso,-inf,-2.0,10.0,20.0,0.861072301864624,0.887280962569113,0.834863641160135,0.6589699983596802,0.7652900218963623,0.004366314251577282,0.02584239144853853
wp90iso,-inf,-2.0,20.0,35.0,0.958381175994873,0.9661722071081967,0.9505901448815494,0.8181700110435486,0.8536999821662903,0.0016984889734344014,0.007603637354312677
wp90iso,-inf,-2.0,35.0,50.0,0.9540735483169556,0.9580290541208873,0.9501180425130238,0.873960018157959,0.9160299897193909,0.0015438506876044407,0.0036417785791178505
wp90iso,-inf,-2.0,50.0,70.0,0.9533112645149231,0.9580532797102228,0.9485692493196234,0.8788099884986877,0.9218500256538391,0.0015966475587446784,0.004465134341272148
wp90iso,-inf,-2.0,70.0,100.0,0.9410921931266785,0.9618211420212575,0.9203632442320995,0.8799399733543396,0.9350200295448303,0.010173432559178401,0.018060747277948257
wp90iso,-inf,-2.0,100.0,200.0,0.930899977684021,0.9330273895647923,0.9287725658032497,0.8712199926376343,0.9358900189399719,0.0,0.0021274118807712806
wp90iso,-inf,-2.0,200.0,300.0,0.9498293399810791,0.9693274722364063,0.930331207725752,0.884880006313324,0.9316200017929077,0.0,0.019498132255327198
wp90iso,-inf,-2.0,300.0,500.0,0.9498293399810791,0.9988719455546641,0.9007867344074941,0.8819400072097778,0.9227100014686584,0.0,0.049042605573585
wp90iso,-inf,-2.0,500.0,700.0,0.9498293399810791,1.008183235835994,0.8914754441261644,0.8859699964523315,0.9012699723243713,0.0,0.0583538958549147
wp90iso,-inf,-2.0,700.0,1000.0,0.9498293399810791,1.0200890522025665,0.8795696277595917,0.5,0.8873599767684937,0.0,0.07025971222148744
wp90iso,-inf,-2.0,1000.0,inf,1.0,1.2,0.8,1.0,1.0,0.2,0.0
wp90iso,-2.0,-1.566,10.0,20.0,0.9449217319488525,1.0053212525987316,0.8845222112989735,0.7677299976348877,0.8124799728393555,0.0058458323894387395,0.06011595743569053
wp90iso,-2.0,-1.566,20.0,35.0,0.9215819239616394,0.9271653974537736,0.9159984504695052,0.8155999779701233,0.8849999904632568,0.0016404648874948791,0.005337045174088523
wp90iso,-2.0,-1.566,35.0,50.0,0.9444249272346497,0.948159608402614,0.9406902460666853,0.8870700001716614,0.93927001953125,0.00150565169460703,0.0034177267885064978
wp90iso,-2.0,-1.566,50.0,70.0,0.9467172622680664,0.9517089567853482,0.9417255677507846,0.8930100202560425,0.9432700276374817,0.0014992669213939969,0.00476121968116098
wp90iso,-2.0,-1.566,70.0,100.0,0.9753778576850891,0.9896752521498056,0.9610804632203727,0.9253799915313721,0.9487400054931641,0.007463272410136022,0.01219487816305706
wp90iso,-2.0,-1.566,100.0,200.0,0.9798301458358765,0.9831672368179405,0.9764930548538124,0.9322299957275391,0.9514200091362,0.0,0.00333709098206407
wp90iso,-2.0,-1.566,200.0,300.0,0.9870434403419495,0.9972218471638422,0.9768650335200567,0.9377899765968323,0.9501000046730042,0.0,0.010178406821892748
wp90iso,-2.0,-1.566,300.0,500.0,0.9870434403419495,1.0331801932124318,0.9409066874714672,0.9110400080680847,0.9419199824333191,0.0,0.04613675287048226
wp90iso,-2.0,-1.566,500.0,700.0,0.9870434403419495,1.0429773295812286,0.9311095511026702,0.9430299997329712,0.9244899749755859,0.0,0.055933889239279194
wp90iso,-2.0,-1.566,700.0,1000.0,0.9870434403419495,1.0553065340707861,0.9187803466131127,0.6482700109481812,0.8830699920654297,0.0,0.06826309372883677
wp90iso,-2.0,-1.566,1000.0,inf,1.0,1.2,0.8,1.0,1.0,0.2,0.0
wp90iso,-1.566,-1.444,10.0,20.0,1.0,1.0,1.0,1.0,1.0,1.4142135623730951,0.0
wp90iso,-1.566,-1.444,20.0,35.0,1.0,1.0,1.0,1.0,1.0,1.4142135623730951,0.0
wp90iso,-1.566,-1.444,35.0,50.0,1.0,1.0,1.0,1.0,1.0,1.4142135623730951,0.0
wp90iso,-1.566,-1.444,50.0,70.0,1.0,1.0,1.0,1.0,1.0,1.4142135623730951,0.0
wp90iso,-1.566,-1.444,70.0,100.0,1.0,1.0,1.0,1.0,1.0,1.4142135623730951,0.0
wp90iso,-1.566,-1.444,100.0,200.0,1.0,1.0,1.0,1.0,1.0,0.0,0.0
wp90iso,-1.566,-1.444,200.0,300.0,1.0,1.0,1.0,1.0,1.0,0.0,0.0
wp90iso,-1.566,-1.444,300.0,500.0,1.0,1.0,1.0,1.0,1.0,0.0,0.0
wp90iso,-1.566,-1.444,500.0,700.0,1.0,1.0,1.0,1.0,1.0,0.0,0.0
wp90iso,-1.566,-1.444,700.0,1000.0,1.0,1.0,1.0,1.0,1.0,0.0,0.0
wp90iso,-1.566,-1.444,1000.0,inf,1.0,1.2,0.8,1.0,1.0,0.2,0.0
wp90iso,-1.444,-0.8,10.0,20.0,0.9307911992073059,1.0595962639807226,0.8019861344338892,0.7005599737167358,0.7526500225067139,0.008288278918704003,0.12853812330919512
wp90iso,-1.444,-0.8,20.0,35.0,0.9471580982208252,0.9666924140785169,0.9276237823631335,0.808210015296936,0.8532999753952026,0.0016573462388411071,0.019463881921977108
wp90iso,-1.444,-0.8,35.0,50.0,0.9530764818191528,0.9596457903727422,0.9465071732655634,0.8750100135803223,0.9180899858474731,0.001540386650048237,0.00638615877038897
wp90iso,-1.444,-0.8,50.0,70.0,0.9443655014038086,0.9467371360044694,0.9419938668031478,0.8704500198364258,0.9217299818992615,0.001534303491427747,0.0018084699265523809
wp90iso,-1.444,-0.8,70.0,100.0,0.9581131339073181,0.9620294147022825,0.9541968531123537,0.8829299807548523,0.92153000831604,0.003881168616609289,0.0005232450997902896
wp90iso,-1.444,-0.8,100.0,200.0,0.9736121296882629,0.9768865267646483,0.9703377326118776,0.8814499974250793,0.9053400158882141,0.0,0.0032743970763852836
wp90iso,-1.444,-0.8,200.0,300.0,0.9791260361671448,0.9888583914538819,0.9693936808804077,0.8597999811172485,0.8781300187110901,0.0,0.009732355286737151
wp90iso,-1.444,-0.8,300.0,500.0,0.9578655958175659,0.9752750488911055,0.9404561427440263,0.8088600039482117,0.8444399833679199,0.0,0.017409453073539638
wp90iso,-1.444,-0.8,500.0,700.0,0.9578655958175659,0.9984554159793284,0.9172757756558034,0.6693099737167358,0.7842900156974792,0.0,0.040589820161762526
wp90iso,-1.444,-0.8,700.0,1000.0,0.9578655958175659,1.0061158710118048,0.9096153206233271,0.48438000679016113,0.7152900099754333,0.0,0.04825027519423882
wp90iso,-1.444,-0.8,1000.0,inf,1.0,1.2,0.8,1.0,1.0,0.2,0.0
wp90iso,-0.8,0.0,10.0,20.0,0.9446845054626465,0.9914691957639301,0.8978998151613629,0.6776599884033203,0.7173399925231934,0.004443231653089366,0.046573221265701716
wp90iso,-0.8,0.0,20.0,35.0,0.9548723697662354,0.9682846575029707,0.9414600820295,0.816540002822876,0.8551300168037415,0.0016537994342305565,0.013309936504894369
wp90iso,-0.8,0.0,35.0,50.0,0.9635758399963379,0.969700146251282,0.9574515337413938,0.8885999917984009,0.9221900105476379,0.0015335381412145855,0.005929197911504335
wp90iso,-0.8,0.0,50.0,70.0,0.9572802782058716,0.9982709758699256,0.9162895805418175,0.8866999745368958,0.9262700080871582,0.04076105794319923,0.0043328339844769265
wp90iso,-0.8,0.0,70.0,100.0,0.9677866697311401,0.9726835777397834,0.9628897617224969,0.893779993057251,0.9235299825668335,0.0025430000288505796,0.004184836782764762
wp90iso,-0.8,0.0,100.0,200.0,0.981719434261322,0.9852810657695312,0.9781578027531128,0.8963000178337097,0.9129899740219116,0.0,0.003561631508209151
wp90iso,-0.8,0.0,200.0,300.0,0.9882139563560486,0.9962596365387952,0.9801682761733019,0.8828999996185303,0.8934299945831299,0.0,0.008045680182746652
wp90iso,-0.8,0.0,300.0,500.0,0.9744686484336853,0.9880123425537771,0.9609249543135935,0.8518999814987183,0.8742200136184692,0.0,0.01354369412009184
wp90iso,-0.8,0.0,500.0,700.0,0.9744686484336853,1.0135567040883613,0.9353805927790092,0.7260299921035767,0.831089973449707,0.0,0.03908805565467608
wp90iso,-0.8,0.0,700.0,1000.0,0.9744686484336853,1.0214626017725843,0.9274746950947864,0.5024300217628479,0.7757899761199951,0.0,0.046993953338898935
wp90iso,-0.8,0.0,1000.0,inf,1.0,1.2,0.8,1.0,1.0,0.2,0.0
wp90iso,0.0,0.8,10.0,20.0,0.9339548945426941,0.9807199328330178,0.8871898562523703,0.6791999936103821,0.7272300124168396,0.004170787029543898,0.0465786790479253
wp90iso,0.0,0.8,20.0,35.0,0.954947829246521,0.9683601169832563,0.9415355415097857,0.8230599761009216,0.8618900179862976,0.0016408283057828352,0.01331154178913633
wp90iso,0.0,0.8,35.0,50.0,0.9639655351638794,0.9700898414188235,0.9578412289089353,0.8934900164604187,0.9268900156021118,0.0015257619898982342,0.0059312037104224495
wp90iso,0.0,0.8,50.0,70.0,0.9527701735496521,0.9807362736808152,0.924804073418489,0.8870099782943726,0.9309800267219543,0.02740617833174421,0.005568136653753546
wp90iso,0.0,0.8,70.0,100.0,0.9686217904090881,0.9735111089680617,0.9637324718501146,0.897059977054596,0.9261199831962585,0.002521242741232092,0.004189125327667758
wp90iso,0.0,0.8,100.0,200.0,0.975039541721344,0.976962233266484,0.973116850176204,0.8945500254631042,0.9174500107765198,0.0,0.0019226915451399727
wp90iso,0.0,0.8,200.0,300.0,0.9781550168991089,0.9846139400896312,0.9716960937085866,0.8758400082588196,0.8953999876976013,0.0,0.006458923190522347
wp90iso,0.0,0.8,300.0,500.0,0.9643787145614624,0.9756705655447282,0.9530868635781966,0.8444100022315979,0.8755999803543091,0.0,0.011291850983265829
wp90iso,0.0,0.8,500.0,700.0,0.9643787145614624,1.002744719605938,0.9260127095169868,0.7857400178909302,0.8352900147438049,0.0,0.038366005044475585
wp90iso,0.0,0.8,700.0,1000.0,0.9643787145614624,1.0107738209696633,0.9179836081532615,0.8465200066566467,0.7824599742889404,0.0,0.04639510640820087
wp90iso,0.0,0.8,1000.0,inf,1.0,1.2,0.8,1.0,1.0,0.2,0.0
wp90iso,0.8,1.444,10.0,20.0,0.9472090601921082,1.075942530479684,0.8184755899045324,0.7101699709892273,0.749750018119812,0.007121677662113429,0.12853632980429736
wp90iso,0.8,1.444,20.0,35.0,0.948805034160614,0.9683393500183057,0.9292707183029223,0.8102700114250183,0.8539900183677673,0.0016560070661334394,0.01946399590590237
wp90iso,0.8,1.444,35.0,50.0,0.9568381309509277,0.9634074395045171,0.9502688223973383,0.8809800148010254,0.9207199811935425,0.0015359866046451575,0.006387218488717403
wp90iso,0.8,1.444,50.0,70.0,0.9471598863601685,0.9495315209608293,0.9447882517595076,0.8749200105667114,0.9237300157546997,0.0015309814613160963,0.0018112830933231224
wp90iso,0.8,1.444,70.0,100.0,0.9665000438690186,0.9702978146210102,0.9627022731170269,0.8894699811935425,0.9203000068664551,0.0037667422093569133,0.000484474780490836
wp90iso,0.8,1.444,100.0,200.0,0.9753963351249695,0.9781019907317859,0.972690679518153,0.8840699791908264,0.9063699841499329,0.0,0.0027056556068165032
wp90iso,0.8,1.444,200.0,300.0,0.986071765422821,0.995101176143533,0.9770423547021091,0.8672599792480469,0.8795099854469299,0.0,0.009029410720711924
wp90iso,0.8,1.444,300.0,500.0,0.9862146973609924,1.003685767660209,0.9687436270617761,0.8356000185012817,0.8472800254821777,0.0,0.017471070299216396
wp90iso,0.8,1.444,500.0,700.0,0.9862146973609924,1.0268309840184973,0.9455984107034876,0.7067199945449829,0.7896599769592285,0.0,0.040616286657504844
wp90iso,0.8,1.444,700.0,1000.0,0.9862146973609924,1.0344872392186588,0.9379421555033259,0.682889997959137,0.7084500193595886,0.0,0.04827254185766647
wp90iso,0.8,1.444,1000.0,inf,1.0,1.2,0.8,1.0,1.0,0.2,0.0
wp90iso,1.444,1.566,10.0,20.0,1.0,1.0,1.0,1.0,1.0,1.4142135623730951,0.0
wp90iso,1.444,1.566,20.0,35.0,1.0,1.0,1.0,1.0,1.0,1.4142135623730951,0.0
wp90iso,1.444,1.566,35.0,50.0,1.0,1.0,1.0,1.0,1.0,1.4142135623730951,0.0
wp90iso,1.444,1.566,50.0,70.0,1.0,1.0,1.0,1.0,1.0,1.4142135623730951,0.0
wp90iso,1.444,1.566,70.0,100.0,1.0,1.0,1.0,1.0,1.0,1.4142135623730951,0.0
wp90iso,1.444,1.566,100.0,200.0,1.0,1.0,1.0,1.0,1.0,0.0,0.0
wp90iso,1.444,1.566,200.0,300.0,1.0,1.0,1.0,1.0,1.0,0.0,0.0
wp90iso,1.444,1.566,300.0,500.0,1.0,1.0,1.0,1.0,1.0,0.0,0.0
wp90iso,1.444,1.566,500.0,700.0,1.0,1.0,1.0,1.0,1.0,0.0,0.0
wp90iso,1.444,1.566,700.0,1000.0,1.0,1.0,1.0,1.0,1.0,0.0,0.0
wp90iso,1.444,1.566,1000.0,inf,1.0,1.2,0.8,1.0,1.0,0.2,0.0
wp90iso,1.566,2.0,10.0,20.0,0.9548866748809814,1.0154207288133374,0.8943526209486256,0.7746899724006653,0.8112900257110596,0.007111085708563005,0.06011492448245147
wp90iso,1.566,2.0,20.0,35.0,0.9362425804138184,0.9418242544964628,0.9306609063311739,0.8283500075340271,0.8847600221633911,0.0016347748770624945,0.005336908905554746
wp90iso,1.566,2.0,35.0,50.0,0.9536454677581787,0.9573801489261431,0.9499107865902143,0.8978000283241272,0.9414399862289429,0.0015021812513675097,0.003419253560996596
wp90iso,1.566,2.0,50.0,70.0,0.9533723592758179,0.9583640537930996,0.9483806647585361,0.9002599716186523,0.9442899823188782,0.0014976475202102808,0.004761729313922505
wp90iso,1.566,2.0,70.0,100.0,0.9837069511413574,0.99799540183444,0.9694185004482748,0.9346200227737427,0.9501000046730042,0.0074354409862675205,0.012201395024684118
wp90iso,1.566,2.0,100.0,200.0,0.9795242547988892,0.9832434029696975,0.9758051066280808,0.9318900108337402,0.9513700008392334,0.0,0.0037191481708082953
wp90iso,1.566,2.0,200.0,300.0,0.9724470973014832,0.9817475766473093,0.963146617955657,0.9236400127410889,0.9498100280761719,0.0,0.009300479345826106
wp90iso,1.566,2.0,300.0,500.0,0.9724470973014832,1.0183981464305525,0.9264960481724139,0.9375699758529663,0.9391700029373169,0.0,0.04595104912906927
wp90iso,1.566,2.0,500.0,700.0,0.9724470973014832,1.0282279086622204,0.9166662859407461,0.7617300152778625,0.9140400290489197,0.0,0.055780811360737106
wp90iso,1.566,2.0,700.0,1000.0,0.9724470973014832,1.0405848175162227,0.9043093770867435,0.8524199724197388,0.8946599960327148,0.0,0.06813772021473963
wp90iso,1.566,2.0,1000.0,inf,1.0,1.2,0.8,1.0,1.0,0.2,0.0
wp90iso,2.0,inf,10.0,20.0,0.8661874532699585,0.8923997137796126,0.8399751927603044,0.6531400084495544,0.754040002822876,0.004453016043704988,0.025831245597928012
wp90iso,2.0,inf,20.0,35.0,0.9676679372787476,0.9754665716269144,0.9598693029305807,0.818560004234314,0.8459100127220154,0.0017486762845568505,0.007600054535872556
wp90iso,2.0,inf,35.0,50.0,0.9632928967475891,0.9672484025515209,0.9593373909436573,0.8770300149917603,0.9104499816894531,0.001553312711226949,0.003637752848405059
wp90iso,2.0,inf,50.0,70.0,0.9520200490951538,0.9567593819608927,0.9472807162294149,0.8730499744415283,0.9170500040054321,0.0015970206577916356,0.00446215206272267
wp90iso,2.0,inf,70.0,100.0,0.945614218711853,0.9662815375814577,0.9249468998422483,0.8775299787521362,0.9279999732971191,0.010124225695176192,0.018017716928930044
wp90iso,2.0,inf,100.0,200.0,0.9476428627967834,0.9536484030144371,0.9416373225791298,0.8868799805641174,0.9358800053596497,0.0,0.006005540217653644
wp90iso,2.0,inf,200.0,300.0,0.9785560369491577,0.9932370445876463,0.9638750293106692,0.9108399748802185,0.9308000206947327,0.0,0.014681007638488591
wp90iso,2.0,inf,300.0,500.0,0.9785560369491577,1.0258902950006088,0.9312217788977066,0.9261999726295471,0.9250199794769287,0.0,0.04733425805145107
wp90iso,2.0,inf,500.0,700.0,0.9785560369491577,1.0354817076547485,0.9216303662435669,0.8995000123977661,0.8970999717712402,0.0,0.05692567070559082
wp90iso,2.0,inf,700.0,1000.0,0.9785560369491577,1.0476341230928934,0.909477950805422,0.6563400030136108,0.7884699702262878,0.0,0.06907808614373563
wp90iso,2.0,inf,1000.0,inf,1.0,1.2,0.8,1.0,1.0,0.2,0.0
