# EGM electron ID SF, working point wp90noiso, year 2025Prompt -- flattened by skim/sf/extract_electron_sf.py
# source: skim/sf/EGM/electron.json.gz (64221 bytes, md5 ede29ef89fa15ac54c6f25f4edb0c0d6); correction 'Electron-ID-SF' version 3
# extracted 2026-09-24; eta = SUPERCLUSTER eta (signed), pt = electron pT; edges inclusive-low
# sfup/sfdown = sf +- sqrt(err_stat^2 + err_syst^2) (verified per cell: max deviation 1.11e-16),
#   although the file's description says 'sf +- syst'; max |effData/effMC - sf| = 5.88e-08 for pT < 300
#   (above 300 GeV sf is one merged value per eta row, NOT effData/effMC of the cell)
# crack cells (1.444 < |eta| < 1.566) hold EGM placeholders (sf = 1)
wp,eta_lo,eta_hi,pt_lo,pt_hi,sf,sfup,sfdown,effData,effMC,err_stat,err_syst
wp90noiso,-inf,-2.0,10.0,20.0,0.8327919840812683,0.8564628486083508,0.8091211195541859,0.6256099939346313,0.7512199878692627,0.005119515872508773,0.023110611949721742
wp90noiso,-inf,-2.0,20.0,35.0,0.92020583152771,0.9230876410103332,0.9173240220450867,0.8029900193214417,0.8726199865341187,0.0016206522182158887,0.002382920955829136
wp90noiso,-inf,-2.0,35.0,50.0,0.9537678360939026,0.9575784338059509,0.9499572383818543,0.8841999769210815,0.9270600080490112,0.0015254821809726367,0.0034919276966459225
wp90noiso,-inf,-2.0,50.0,70.0,0.9302583932876587,0.932577211516574,0.9279395750587434,0.8700799942016602,0.9353100061416626,0.001587450146489252,0.0016902425894413146
wp90noiso,-inf,-2.0,70.0,100.0,0.9551392793655396,0.9735646399165935,0.9367139188144856,0.9101999998092651,0.9529500007629395,0.010052137959731509,0.01544177560628498
wp90noiso,-inf,-2.0,100.0,200.0,0.9352914094924927,0.9398731119934611,0.9307097069915242,0.8983100056648254,0.9604600071907043,0.0,0.0045817025009684455
wp90noiso,-inf,-2.0,200.0,300.0,0.9632627367973328,0.9810014260399387,0.9455240475547269,0.9295099973678589,0.964959979057312,0.0,0.01773868924260596
wp90noiso,-inf,-2.0,300.0,500.0,0.9632627367973328,1.0116327801717784,0.9148926934228871,0.9424700140953064,0.9625099897384644,0.0,0.04837004337444556
wp90noiso,-inf,-2.0,500.0,700.0,0.9632627367973328,1.0210525377664117,0.9054729358282539,0.8766199946403503,0.9640300273895264,0.0,0.05778980096907883
wp90noiso,-inf,-2.0,700.0,1000.0,0.9632627367973328,1.0330546496242912,0.8934708239703745,0.5,0.9420599937438965,0.0,0.06979191282695829
wp90noiso,-inf,-2.0,1000.0,inf,1.0,1.2,0.8,1.0,1.0,0.2,0.0
wp90noiso,-2.0,-1.566,10.0,20.0,0.8726966977119446,0.930109528896399,0.8152838665274902,0.6952599883079529,0.7966799736022949,0.0034485716480267465,0.05730916626686419
wp90noiso,-2.0,-1.566,20.0,35.0,0.9107540249824524,0.9184387781006998,0.9030692718642049,0.8144599795341492,0.8942700028419495,0.001794411551104043,0.007472316754104978
wp90noiso,-2.0,-1.566,35.0,50.0,0.9259849786758423,0.930296634804302,0.9216733225473825,0.8712499737739563,0.9408900141716003,0.001503059396026314,0.004041186833357429
wp90noiso,-2.0,-1.566,50.0,70.0,0.9438190460205078,0.9497856227273803,0.9378524693136353,0.8937399983406067,0.946940004825592,0.0014934563890654157,0.005776644840472127
wp90noiso,-2.0,-1.566,70.0,100.0,0.973962128162384,0.9895998170578478,0.9583244392669202,0.9370099902153015,0.9620599746704102,0.007366241046889903,0.013794049689283609
wp90noiso,-2.0,-1.566,100.0,200.0,0.9807754158973694,0.9834780653078465,0.9780727664868922,0.950950026512146,0.9695900082588196,0.0,0.00270264941047714
wp90noiso,-2.0,-1.566,200.0,300.0,0.9869803190231323,0.9962898745859977,0.9776707634602669,0.9619899988174438,0.9746800065040588,0.0,0.0093095555628654
wp90noiso,-2.0,-1.566,300.0,500.0,0.9869803190231323,1.0329332060355723,0.9410274320106923,0.9635999798774719,0.9767699837684631,0.0,0.04595288701244001
wp90noiso,-2.0,-1.566,500.0,700.0,0.9869803190231323,1.042762644402934,0.9311979936433306,0.9487400054931641,0.9743099808692932,0.0,0.05578232537980178
wp90noiso,-2.0,-1.566,700.0,1000.0,0.9869803190231323,1.055119278692165,0.9188413593540995,0.6476200222969055,0.9762300252914429,0.0,0.0681389596690328
wp90noiso,-2.0,-1.566,1000.0,inf,1.0,1.2,0.8,1.0,1.0,0.2,0.0
wp90noiso,-1.566,-1.444,10.0,20.0,1.0,1.0,1.0,1.0,1.0,1.4142135623730951,0.0
wp90noiso,-1.566,-1.444,20.0,35.0,1.0,1.0,1.0,1.0,1.0,1.4142135623730951,0.0
wp90noiso,-1.566,-1.444,35.0,50.0,1.0,1.0,1.0,1.0,1.0,1.4142135623730951,0.0
wp90noiso,-1.566,-1.444,50.0,70.0,1.0,1.0,1.0,1.0,1.0,1.4142135623730951,0.0
wp90noiso,-1.566,-1.444,70.0,100.0,1.0,1.0,1.0,1.0,1.0,1.4142135623730951,0.0
wp90noiso,-1.566,-1.444,100.0,200.0,1.0,1.0,1.0,1.0,1.0,0.0,0.0
wp90noiso,-1.566,-1.444,200.0,300.0,1.0,1.0,1.0,1.0,1.0,0.0,0.0
wp90noiso,-1.566,-1.444,300.0,500.0,1.0,1.0,1.0,1.0,1.0,0.0,0.0
wp90noiso,-1.566,-1.444,500.0,700.0,1.0,1.0,1.0,1.0,1.0,0.0,0.0
wp90noiso,-1.566,-1.444,700.0,1000.0,1.0,1.0,1.0,1.0,1.0,0.0,0.0
wp90noiso,-1.566,-1.444,1000.0,inf,1.0,1.2,0.8,1.0,1.0,0.2,0.0
wp90noiso,-1.444,-0.8,10.0,20.0,0.9312947392463684,1.0419506959734939,0.8206387825192428,0.6761199831962585,0.7260000109672546,0.009330876065804756,0.1102618497533942
wp90noiso,-1.444,-0.8,20.0,35.0,0.9407347440719604,0.9575570202972985,0.9239124678466224,0.814300000667572,0.8655999898910522,0.0022910036008415946,0.016665541692441443
wp90noiso,-1.444,-0.8,35.0,50.0,0.9539938569068909,0.9596958783310628,0.9482918354827189,0.8844000101089478,0.927049994468689,0.0015254987477863046,0.005494169809190329
wp90noiso,-1.444,-0.8,50.0,70.0,0.9495392441749573,0.9518003497667822,0.9472781385831324,0.8881800174713135,0.9353799819946289,0.0015119134245409043,0.0016812841205681704
wp90noiso,-1.444,-0.8,70.0,100.0,0.9668190479278564,0.9729883165613902,0.9606497792943227,0.9137600064277649,0.9451199769973755,0.0035406216441518407,0.005052115779123322
wp90noiso,-1.444,-0.8,100.0,200.0,0.9783883690834045,0.9808306931679674,0.9759460449988416,0.9208199977874756,0.9411600232124329,0.0,0.002442324084562891
wp90noiso,-1.444,-0.8,200.0,300.0,0.9778798818588257,0.9866684614393556,0.9690913022782958,0.9199600219726562,0.9407699704170227,0.0,0.008788579580529943
wp90noiso,-1.444,-0.8,300.0,500.0,0.9823935627937317,0.9960565936071788,0.9687305319802846,0.9223300218582153,0.9388599991798401,0.0,0.013663030813447082
wp90noiso,-1.444,-0.8,500.0,700.0,0.9823935627937317,1.0215231277728323,0.9432639978146312,0.913569986820221,0.9429799914360046,0.0,0.03912956497910051
wp90noiso,-1.444,-0.8,700.0,1000.0,0.9823935627937317,1.0294220478959462,0.9353650776915172,0.8486700057983398,0.9411399960517883,0.0,0.047028485102214426
wp90noiso,-1.444,-0.8,1000.0,inf,1.0,1.2,0.8,1.0,1.0,0.2,0.0
wp90noiso,-0.8,0.0,10.0,20.0,0.9155068397521973,0.9432052599424853,0.8878084195619093,0.6597599983215332,0.7206500172615051,0.003709792849271141,0.02744886005015968
wp90noiso,-0.8,0.0,20.0,35.0,0.9384294152259827,0.9497413936899194,0.9271174367620459,0.8134400248527527,0.8668100237846375,0.0016315149309166146,0.011193704292983778
wp90noiso,-0.8,0.0,35.0,50.0,0.9584845900535583,0.9636343782463739,0.9533348018607428,0.8897899985313416,0.9283300042152405,0.001523395322112695,0.004919307382490677
wp90noiso,-0.8,0.0,50.0,70.0,0.9586740732192993,0.9661269041186769,0.9512212423199218,0.9003099799156189,0.9391199946403503,0.0015058923486612247,0.0072991079351493755
wp90noiso,-0.8,0.0,70.0,100.0,0.975644052028656,0.9788754696304568,0.9724126344268552,0.9229300022125244,0.9459699988365173,0.0025306008381036937,0.002009507182225667
wp90noiso,-0.8,0.0,100.0,200.0,0.9842705726623535,0.9861181587062674,0.9824229866184396,0.9336199760437012,0.9485399723052979,0.0,0.0018475860439138962
wp90noiso,-0.8,0.0,200.0,300.0,0.9935996532440186,0.9995129941382515,0.9876863123497857,0.9407600164413452,0.9468200206756592,0.0,0.005913340894232874
wp90noiso,-0.8,0.0,300.0,500.0,0.9869126677513123,0.9970736498080631,0.9767516856945614,0.9373400211334229,0.9497699737548828,0.0,0.01016098205675088
wp90noiso,-0.8,0.0,500.0,700.0,0.9869126677513123,1.0249611894151307,0.9488641460874938,0.9200400114059448,0.9455299973487854,0.0,0.0380485216638184
wp90noiso,-0.8,0.0,700.0,1000.0,0.9869126677513123,1.0330455796077906,0.9407797558948338,0.9680299758911133,0.9500700235366821,0.0,0.046132911856478484
wp90noiso,-0.8,0.0,1000.0,inf,1.0,1.2,0.8,1.0,1.0,0.2,0.0
wp90noiso,0.0,0.8,10.0,20.0,0.9087491035461426,0.9364425016743285,0.8810557054179566,0.6622599959373474,0.7287600040435791,0.0036308207543164005,0.027454351941654704
wp90noiso,0.0,0.8,20.0,35.0,0.9384493827819824,0.9497613612459191,0.9271374043180457,0.8204299807548523,0.874239981174469,0.0016176490740825455,0.011195716513099427
wp90noiso,0.0,0.8,35.0,50.0,0.9589763283729553,0.9641261165657709,0.9538265401801398,0.8948400020599365,0.9331200122833252,0.0015155752391782967,0.004921722272259149
wp90noiso,0.0,0.8,50.0,70.0,0.9578973054885864,0.965350136387964,0.9504444745892089,0.9034600257873535,0.9431700110435486,0.001499425976064432,0.007300439038648307
wp90noiso,0.0,0.8,70.0,100.0,0.9739246964454651,0.9771448844514311,0.9707045084394991,0.924049973487854,0.9487900137901306,0.002508723850467812,0.0020188896542064102
wp90noiso,0.0,0.8,100.0,200.0,0.9791642427444458,0.9808641928027089,0.9774642926861827,0.9328399896621704,0.9526900053024292,0.0,0.0016999500582631204
wp90noiso,0.0,0.8,200.0,300.0,0.9859043955802917,0.9913725521550161,0.9804362390055674,0.9365500211715698,0.949940025806427,0.0,0.005468156574724311
wp90noiso,0.0,0.8,300.0,500.0,0.9802646636962891,0.9928571918901117,0.9676721355024664,0.9318199753761292,0.9505800008773804,0.0,0.012592528193822566
wp90noiso,0.0,0.8,500.0,700.0,0.9802646636962891,1.0190334167166877,0.9414959106758906,0.9584400057792664,0.9480599761009216,0.0,0.03876875302039854
wp90noiso,0.0,0.8,700.0,1000.0,0.9802646636962891,1.0269933675763692,0.933535959816209,0.9774500131607056,0.9490699768066406,0.0,0.04672870388008013
wp90noiso,0.0,0.8,1000.0,inf,1.0,1.2,0.8,1.0,1.0,0.2,0.0
wp90noiso,0.8,1.444,10.0,20.0,0.9357742071151733,1.0464255649203253,0.8251228493100213,0.6767799854278564,0.7232300043106079,0.009311915298856239,0.11025883736730897
wp90noiso,0.8,1.444,20.0,35.0,0.9401624798774719,0.9569547361129593,0.9233702236419845,0.8148199915885925,0.8666800260543823,0.0020561548434743122,0.01666589621766325
wp90noiso,0.8,1.444,35.0,50.0,0.956551194190979,0.962253215615151,0.950849172766807,0.8887699842453003,0.9291399717330933,0.0015220673404669062,0.005495121412016305
wp90noiso,0.8,1.444,50.0,70.0,0.9518986344337463,0.9541597400255712,0.9496375288419214,0.8919100165367126,0.9369800090789795,0.001509331616599413,0.0016836022595955059
wp90noiso,0.8,1.444,70.0,100.0,0.9716950058937073,0.9778383882721743,0.9655516235152403,0.9179700016975403,0.9447100162506104,0.003496858214755601,0.005051052333321701
wp90noiso,0.8,1.444,100.0,200.0,0.9791244268417358,0.9815918452066826,0.976657008476789,0.9230499863624573,0.9427300095558167,0.0,0.0024674183649468404
wp90noiso,0.8,1.444,200.0,300.0,0.9966855049133301,1.0105576127589226,0.9828133970677375,0.9381999969482422,0.94132000207901,0.0,0.013872107845592584
wp90noiso,0.8,1.444,300.0,500.0,0.9867929816246033,0.9973766405654468,0.9762093226837597,0.9294800162315369,0.9419199824333191,0.0,0.010583658940843553
wp90noiso,0.8,1.444,500.0,700.0,0.9867929816246033,1.0249565543218828,0.9486294089273237,0.9301900267601013,0.9411500096321106,0.0,0.03816357269727957
wp90noiso,0.8,1.444,700.0,1000.0,0.9867929816246033,1.03302082860644,0.9405651346427667,0.8605999946594238,0.9405699968338013,0.0,0.04622784698183658
wp90noiso,0.8,1.444,1000.0,inf,1.0,1.2,0.8,1.0,1.0,0.2,0.0
wp90noiso,1.444,1.566,10.0,20.0,1.0,1.0,1.0,1.0,1.0,1.4142135623730951,0.0
wp90noiso,1.444,1.566,20.0,35.0,1.0,1.0,1.0,1.0,1.0,1.4142135623730951,0.0
wp90noiso,1.444,1.566,35.0,50.0,1.0,1.0,1.0,1.0,1.0,1.4142135623730951,0.0
wp90noiso,1.444,1.566,50.0,70.0,1.0,1.0,1.0,1.0,1.0,1.4142135623730951,0.0
wp90noiso,1.444,1.566,70.0,100.0,1.0,1.0,1.0,1.0,1.0,1.4142135623730951,0.0
wp90noiso,1.444,1.566,100.0,200.0,1.0,1.0,1.0,1.0,1.0,0.0,0.0
wp90noiso,1.444,1.566,200.0,300.0,1.0,1.0,1.0,1.0,1.0,0.0,0.0
wp90noiso,1.444,1.566,300.0,500.0,1.0,1.0,1.0,1.0,1.0,0.0,0.0
wp90noiso,1.444,1.566,500.0,700.0,1.0,1.0,1.0,1.0,1.0,0.0,0.0
wp90noiso,1.444,1.566,700.0,1000.0,1.0,1.0,1.0,1.0,1.0,0.0,0.0
wp90noiso,1.444,1.566,1000.0,inf,1.0,1.2,0.8,1.0,1.0,0.2,0.0
wp90noiso,1.566,2.0,10.0,20.0,0.9371007084846497,0.994541640910254,0.8796597760590453,0.7422400116920471,0.7920600175857544,0.003908730295777474,0.05730778782502179
wp90noiso,1.566,2.0,20.0,35.0,0.9139484763145447,0.9216202442103578,0.9062767084187315,0.814520001411438,0.8912100195884705,0.001744124139440318,0.007470880378740522
wp90noiso,1.566,2.0,35.0,50.0,0.9449754953384399,0.9492871514668997,0.9406638392099802,0.889769971370697,0.9415799975395203,0.0015019579644039726,0.004041596323638458
wp90noiso,1.566,2.0,50.0,70.0,0.9514768123626709,0.9574433890695434,0.9455102356557984,0.9010199904441833,0.9469699859619141,0.0014934091061311568,0.005776657064489642
wp90noiso,1.566,2.0,70.0,100.0,0.9860970973968506,1.0017256548600757,0.9704685399336256,0.9468799829483032,0.9602299928665161,0.007360874782799163,0.01378656341563326
wp90noiso,1.566,2.0,100.0,200.0,0.9826968908309937,0.9863309194394949,0.9790628622224924,0.9518499970436096,0.9686099886894226,0.0,0.0036340286085012195
wp90noiso,1.566,2.0,200.0,300.0,0.9759975075721741,0.9847124983103023,0.9672825168340459,0.9514999985694885,0.9749000072479248,0.0,0.008714990738128208
wp90noiso,1.566,2.0,300.0,500.0,0.9759975075721741,1.0218336403013395,0.9301613748430088,0.9655900001525879,0.9755399823188782,0.0,0.04583613272916532
wp90noiso,1.566,2.0,500.0,700.0,0.9759975075721741,1.0316836913484544,0.9203113237958938,0.7946100234985352,0.9680500030517578,0.0,0.055686183776280276
wp90noiso,1.566,2.0,700.0,1000.0,0.9759975075721741,1.044057782796167,0.9079372323481811,0.8522400259971619,0.9811099767684937,0.0,0.0680602752239929
wp90noiso,1.566,2.0,1000.0,inf,1.0,1.2,0.8,1.0,1.0,0.2,0.0
wp90noiso,2.0,inf,10.0,20.0,0.8425870537757874,0.8661937691117311,0.8189803384398436,0.6231099963188171,0.7395200133323669,0.004895337628045665,0.023093563572123752
wp90noiso,2.0,inf,20.0,35.0,0.9267444014549255,0.9296262109375488,0.9238625919723022,0.7992799878120422,0.8624600172042847,0.0016397438589910468,0.002369824037990769
wp90noiso,2.0,inf,35.0,50.0,0.9446302652359009,0.9484408629479492,0.9408196675238526,0.8699100017547607,0.9208999872207642,0.0015356863314105913,0.0034874521379635605
wp90noiso,2.0,inf,50.0,70.0,0.9381770491600037,0.9404890917316184,0.9358650065883889,0.8721200227737427,0.9295899868011475,0.0015873044066833184,0.0016810727448515785
wp90noiso,2.0,inf,70.0,100.0,0.9588004946708679,0.9771618076389259,0.9404391817028099,0.9073799848556519,0.946370005607605,0.010004147959929923,0.01539658525475061
wp90noiso,2.0,inf,100.0,200.0,0.9532930850982666,0.9590960320314114,0.9474901381651218,0.9137600064277649,0.9585300087928772,0.0,0.005802946933144738
wp90noiso,2.0,inf,200.0,300.0,0.9736437201499939,0.9865189064744266,0.9607685338255612,0.9375799894332886,0.9629600048065186,0.0,0.012875186324432745
wp90noiso,2.0,inf,300.0,500.0,0.9736437201499939,1.0204493867181441,0.9268380535818437,0.9502099752426147,0.968529999256134,0.0,0.04680566656815027
wp90noiso,2.0,inf,500.0,700.0,0.9736437201499939,1.030130625029699,0.9171568152702887,0.8975099921226501,0.9668599963188171,0.0,0.056486904879705174
wp90noiso,2.0,inf,700.0,1000.0,0.9736437201499939,1.0423606789221112,0.9049267613778766,0.7680799961090088,0.9369199872016907,0.0,0.06871695877211724
wp90noiso,2.0,inf,1000.0,inf,1.0,1.2,0.8,1.0,1.0,0.2,0.0
