# (sigma_W, sigma_Z) from the simfit POIs via h_cov_poi; disc=leppt_mt40 binning=fb
quantity,value_nb,err_total_nb,err_stat_nb,err_syst_nb
sigma_Wp,51.04325,1.84430,0.91812,1.59953
sigma_Wm,40.96986,1.52429,0.81541,1.28785
sigma_W,92.01311,3.10323,1.22913,2.84943
sigma_Z,9.54136,0.47275,0.37657,0.28580

# 3x3 covariance (nb^2), order [Wp, Wm, Z] -- total then stat
matrix,row,Wp,Wm,Z
total,Wp,3.401432,1.952562,0.421780
total,Wm,1.952562,2.323454,0.337517
total,Z,0.421780,0.337517,0.223488
stat,Wp,0.842945,0.001455,-0.014740
stat,Wm,0.001455,0.664900,-0.013995
stat,Z,-0.014740,-0.013995,0.141805

# theory (r = 1: POWHEG + EPPS21nlo_CT18Anlo_O16 central)
theory,sigma_W,76.60048
theory,sigma_Z,8.75716
theory,n_epps21_members,106
theory,sigma_W_member_min,73.78187
theory,sigma_W_member_max,77.79740
theory,sigma_Z_member_min,8.48316
theory,sigma_Z_member_max,8.86914

# profiled contour (run_pO_fits.sh --contour)
contour,status,drawn
contour,file,../../HiggsAnalysis-CombinedLimit/test/pO_fit_out_leppt_mt40/simfit/summary/../contour/contour_fb/higgsCombine_contour_fb.MultiDimFit.mH120.root
contour,stat_status,absent
contour,stat_file,(none)
contour,scan_min_sigma_W,92.01690
contour,scan_min_sigma_Z,9.54155
