flavour,charge,ybin,etaCM_center,etaCM_halfwidth,dsigma_gen,dsigma_reco,dsigma_r_gen,dsigma_r_gen_err,dsigma_r_reco,dsigma_r_reco_err,AxEps
mu,Wp,0,-2.5466,0.2000,9.56661,8.58069,9.86260,0.69942,8.84618,0.62734,0.89694
mu,Wp,1,-2.1466,0.2000,10.29339,9.29776,12.40579,0.80248,11.20584,0.72486,0.90328
mu,Wp,2,-1.7466,0.2000,10.53468,9.45028,12.74833,0.82855,11.43606,0.74326,0.89706
mu,Wp,3,-1.3466,0.2000,10.59925,9.26357,10.90419,0.71493,9.53008,0.62484,0.87398
mu,Wp,4,-0.9466,0.2000,10.60291,9.39788,12.57929,0.75959,11.14965,0.67327,0.88635
mu,Wp,5,-0.5466,0.2000,10.50562,8.95257,12.66337,0.77045,10.79134,0.65656,0.85217
mu,Wp,6,-0.1466,0.2000,10.51369,8.92667,12.05195,0.74389,10.23273,0.63161,0.84905
mu,Wp,7,0.2534,0.2000,10.41457,9.22421,14.51749,0.83759,12.85818,0.74186,0.88570
mu,Wp,8,0.6534,0.2000,10.36926,9.04956,12.34906,0.76519,10.77739,0.66781,0.87273
mu,Wp,9,1.0534,0.2000,10.44277,9.36263,12.76565,0.83225,11.44525,0.74617,0.89657
mu,Wp,10,1.4534,0.2000,10.40973,9.28618,14.57549,0.87737,13.00233,0.78267,0.89207
mu,Wp,11,1.8534,0.2000,10.25475,9.09361,12.79782,0.84111,11.34873,0.74587,0.88677
mu,Wm,0,-2.5466,0.2000,8.41776,7.57012,8.49672,0.65193,7.64113,0.58628,0.89930
mu,Wm,1,-2.1466,0.2000,8.71317,7.87591,9.72564,0.68432,8.79109,0.61856,0.90391
mu,Wm,2,-1.7466,0.2000,8.85986,7.97820,10.67772,0.74755,9.61517,0.67316,0.90049
mu,Wm,3,-1.3466,0.2000,9.06103,7.91915,10.33773,0.68909,9.03495,0.60225,0.87398
mu,Wm,4,-0.9466,0.2000,8.98347,8.03032,9.33975,0.63265,8.34880,0.56553,0.89390
mu,Wm,5,-0.5466,0.2000,8.96049,7.68386,10.57875,0.68558,9.07156,0.58790,0.85753
mu,Wm,6,-0.1466,0.2000,8.73356,7.46739,11.01791,0.70446,9.42056,0.60233,0.85502
mu,Wm,7,0.2534,0.2000,8.39172,7.56716,10.56367,0.68296,9.52569,0.61586,0.90174
mu,Wm,8,0.6534,0.2000,8.02181,7.01090,11.13043,0.71809,9.72777,0.62760,0.87398
mu,Wm,9,1.0534,0.2000,7.54951,6.82198,10.05580,0.72229,9.08674,0.65269,0.90363
mu,Wm,10,1.4534,0.2000,7.01772,6.29976,9.41083,0.67411,8.44804,0.60514,0.89769
mu,Wm,11,1.8534,0.2000,6.35694,5.68057,9.02126,0.68547,8.06141,0.61254,0.89360
mu,W,0,-2.5466,0.2000,17.98437,16.15081,18.35932,1.03309,16.48730,0.92777,0.89805
mu,W,1,-2.1466,0.2000,19.00656,17.17367,22.13143,1.15398,19.99693,1.04268,0.90357
mu,W,2,-1.7466,0.2000,19.39453,17.42848,23.42605,1.22223,21.05123,1.09833,0.89863
mu,W,3,-1.3466,0.2000,19.66028,17.18271,21.24192,1.09152,18.56503,0.95397,0.87398
mu,W,4,-0.9466,0.2000,19.58638,17.42820,21.91904,1.09206,19.49845,0.97146,0.88981
mu,W,5,-0.5466,0.2000,19.46611,16.63643,23.24212,1.14380,19.86290,0.97749,0.85464
mu,W,6,-0.1466,0.2000,19.24725,16.39406,23.06985,1.13662,19.65329,0.96829,0.85176
mu,W,7,0.2534,0.2000,18.80629,16.79137,25.08116,1.20265,22.38387,1.07329,0.89286
mu,W,8,0.6534,0.2000,18.39107,16.06046,23.47949,1.16162,20.50516,1.01447,0.87327
mu,W,9,1.0534,0.2000,17.99228,16.18461,22.82145,1.20316,20.53199,1.08246,0.89953
mu,W,10,1.4534,0.2000,17.42745,15.58595,23.98632,1.21352,21.45037,1.08522,0.89433
mu,W,11,1.8534,0.2000,16.61169,14.77418,21.81909,1.17763,19.41015,1.04763,0.88938
ele,Wp,0,-2.5466,0.2000,9.56661,7.64879,9.86260,0.69942,7.88544,0.55921,0.79953
ele,Wp,1,-2.1466,0.2000,10.29339,7.83780,12.40579,0.80248,9.44628,0.61104,0.76144
ele,Wp,2,-1.7466,0.2000,10.53468,5.38427,12.74833,0.82855,6.51566,0.42347,0.51110
ele,Wp,3,-1.3466,0.2000,10.59925,8.01993,10.90419,0.71493,8.25067,0.54095,0.75665
ele,Wp,4,-0.9466,0.2000,10.60291,8.32411,12.57929,0.75959,9.87572,0.59634,0.78508
ele,Wp,5,-0.5466,0.2000,10.50562,8.28659,12.66337,0.77045,9.98857,0.60771,0.78878
ele,Wp,6,-0.1466,0.2000,10.51369,8.09157,12.05195,0.74389,9.27544,0.57252,0.76962
ele,Wp,7,0.2534,0.2000,10.41457,7.95675,14.51749,0.83759,11.09139,0.63992,0.76400
ele,Wp,8,0.6534,0.2000,10.36926,7.65931,12.34906,0.76519,9.12170,0.56522,0.73866
ele,Wp,9,1.0534,0.2000,10.44277,5.27259,12.76565,0.83225,6.44542,0.42021,0.50490
ele,Wp,10,1.4534,0.2000,10.40973,8.13395,14.57549,0.87737,11.38900,0.68556,0.78138
ele,Wp,11,1.8534,0.2000,10.25475,7.91977,12.79782,0.84111,9.88380,0.64959,0.77230
ele,Wm,0,-2.5466,0.2000,8.41776,6.64501,8.49672,0.65193,6.70734,0.51463,0.78940
ele,Wm,1,-2.1466,0.2000,8.71317,6.72738,9.72564,0.68432,7.50910,0.52836,0.77209
ele,Wm,2,-1.7466,0.2000,8.85986,4.52046,10.67772,0.74755,5.44797,0.38141,0.51022
ele,Wm,3,-1.3466,0.2000,9.06103,6.87453,10.33773,0.68909,7.84315,0.52280,0.75869
ele,Wm,4,-0.9466,0.2000,8.98347,7.02130,9.33975,0.63265,7.29977,0.49447,0.78158
ele,Wm,5,-0.5466,0.2000,8.96049,7.04027,10.57875,0.68558,8.31174,0.53866,0.78570
ele,Wm,6,-0.1466,0.2000,8.73356,6.86037,11.01791,0.70446,8.65477,0.55337,0.78552
ele,Wm,7,0.2534,0.2000,8.39172,6.47846,10.56367,0.68296,8.15522,0.52725,0.77201
ele,Wm,8,0.6534,0.2000,8.02181,6.11356,11.13043,0.71809,8.48269,0.54727,0.76212
ele,Wm,9,1.0534,0.2000,7.54951,3.86611,10.05580,0.72229,5.14958,0.36989,0.51210
ele,Wm,10,1.4534,0.2000,7.01772,5.58817,9.41083,0.67411,7.49379,0.53679,0.79629
ele,Wm,11,1.8534,0.2000,6.35694,4.92747,9.02126,0.68547,6.99268,0.53133,0.77513
ele,W,0,-2.5466,0.2000,17.98437,14.29380,18.35932,1.03309,14.59278,0.82108,0.79479
ele,W,1,-2.1466,0.2000,19.00656,14.56519,22.13143,1.15398,16.95538,0.88404,0.76632
ele,W,2,-1.7466,0.2000,19.39453,9.90473,23.42605,1.22223,11.96364,0.62419,0.51070
ele,W,3,-1.3466,0.2000,19.66028,14.89446,21.24192,1.09152,16.09382,0.82698,0.75759
ele,W,4,-0.9466,0.2000,19.58638,15.34541,21.91904,1.09206,17.17549,0.85572,0.78347
ele,W,5,-0.5466,0.2000,19.46611,15.32686,23.24212,1.14380,18.30031,0.90061,0.78736
ele,W,6,-0.1466,0.2000,19.24725,14.95194,23.06985,1.13662,17.93021,0.88343,0.77684
ele,W,7,0.2534,0.2000,18.80629,14.43521,25.08116,1.20265,19.24660,0.92287,0.76757
ele,W,8,0.6534,0.2000,18.39107,13.77287,23.47949,1.16162,17.60438,0.87102,0.74889
ele,W,9,1.0534,0.2000,17.99228,9.13869,22.82145,1.20316,11.59500,0.61131,0.50792
ele,W,10,1.4534,0.2000,17.42745,13.72213,23.98632,1.21352,18.88280,0.95536,0.78739
ele,W,11,1.8534,0.2000,16.61169,12.84725,21.81909,1.17763,16.87648,0.91087,0.77339
